<?xml version="1.0"?>
<ruleset name="Themeisle">
    <description>Themeisle rules for PHP_CodeSniffer</description>

    <file>.</file>

    <exclude-pattern>node_modules/*</exclude-pattern>
    <exclude-pattern>*.min.js</exclude-pattern>
    <exclude-pattern>*.css.js</exclude-pattern>
    <rule ref="WordPress-Core">
        <exclude name="Squiz.Commenting.FileComment.SpacingAfterComment" />
        <exclude name="Squiz.Commenting.FunctionComment.MissingParamTag" />
        <exclude name="Squiz.Commenting.InlineComment.InvalidEndChar" />
        <exclude name="Squiz.Commenting.InlineComment.NotCapital" />

        <exclude name="WordPress.PHP.YodaConditions.NotYoda" />
        <exclude name="WordPress.Files.FileName" />
    </rule>
    <rule ref="WordPress-Docs">

    </rule>

    <rule ref="Squiz.Commenting.FunctionComment.ScalarTypeHintMissing">
        <severity>0</severity>
    </rule>

</ruleset>